Timestamp,Serial Number,Product Name
2026-04-09 17:17:13,4CE312CD60,HP Engage Flex Pro Retail System (4KU22AV)
2026-04-09 22:15:51,5CD535F275,HP ProBook 4 G1a 14 inch Notebook AI PC IDS Base Model
2026-04-09 22:15:53,5CD54244WS,Unknown/Not Found
2026-04-09 22:15:55,5CD542448J,HP ProBook 4 G1a 14 inch Notebook AI PC IDS Base Model
2026-04-09 22:15:57,5CD535F2BD,HP ProBook 4 G1a 14 inch Notebook AI PC IDS Base Model
2026-04-09 22:15:59,5CD542449W,HP ProBook 4 G1a 14 inch Notebook AI PC IDS Base Model
2026-04-09 22:16:01,5CD135BDRT,HP ProBook 440 G8 Notebook PC IDS Base Model
2026-04-09 22:16:03,5CD5109JFJ,HP ProBook 445 14 inch G11 Notebook PC IDS Base Model
2026-04-09 22:16:04,5CD32052PO,Unknown/Not Found
2026-04-09 22:16:06,5CD04461T8,HP ProBook 440 G7 Notebook PC IDS Base Model
2026-04-09 22:16:08,5CD1470RPK,HP ProBook 440 G8 Notebook PC IDS Base Model
2026-04-09 22:16:10,5CD54244QV,HP ProBook 4 G1a 14 inch Notebook AI PC IDS Base Model
2026-04-09 22:16:12,5CD4150RV4,HP ProBook 440 14 inch G9 Notebook PC (678R1AV)
2026-04-09 22:16:15,5CD144CDVQ,HP ProBook 440 G8 Notebook PC IDS Base Model
2026-04-09 22:16:16,5CD54244L6,HP ProBook 4 G1a 14 inch Notebook AI PC IDS Base Model
2026-04-09 22:16:18,1CZ947004W,HP ProDesk 400 G6 Small Form Factor PC IDS Base Model
2026-04-09 22:16:20,5CD4319HXZ,HP ProBook 445 14 inch G11 Notebook PC IDS Base Model
2026-04-09 22:16:22,5CD319HSL,Unknown/Not Found
2026-04-09 22:16:24,8CN43101Q9,HP ProOne 440 23.8 inch G9 All-in-One Desktop PC IDS Base Model
2026-04-09 22:16:26,5CD312QS0H,HP ProBook 440 14 inch G9 Notebook PC (678R1AV)
2026-04-09 22:16:28,5CD135BDMK,HP ProBook 440 G8 Notebook PC IDS Base Model
2026-04-09 22:16:30,5CD54244VD,HP ProBook 4 G1a 14 inch Notebook AI PC IDS Base Model
2026-04-09 22:16:32,5CD24130X2,HP ProBook 440 G8 Notebook PC IDS Base Model
2026-04-09 22:16:34,5CD4319HY2,HP ProBook 445 14 inch G11 Notebook PC IDS Base Model
2026-04-09 22:16:36,5CD54244S4,HP ProBook 4 G1a 14 inch Notebook AI PC IDS Base Model
2026-04-09 22:16:38,5CD5280RC1,HP ProBook 4 G1a 14 inch Notebook AI PC IDS Base Model
2026-04-09 22:16:40,5CD5280RHK,HP ProBook 4 G1a 14 inch Notebook AI PC IDS Base Model
2026-04-09 22:16:43,1CZ91001R6,HP ProDesk 400 G5 Base Model Small Form Factor PC
2026-04-09 22:16:45,5CD24130ZG,HP ProBook 440 G8 Notebook PC IDS Base Model
2026-04-09 22:16:47,5CD01718WX,HP ProBook 440 G7 Notebook PC IDS Base Model
2026-04-09 22:16:49,5CD135BDSL,HP ProBook 440 G8 Notebook PC IDS Base Model
2026-04-09 22:16:51,5CD044K6YR,HP ProBook 440 G7 Notebook PC IDS Base Model
2026-04-09 22:16:53,5CD3494CHT,HP ProBook 440 14 inch G9 Notebook PC (678R1AV)
2026-04-09 22:16:55,5CD5280R8H,HP ProBook 4 G1a 14 inch Notebook AI PC IDS Base Model
2026-04-09 22:16:57,5CD135B3J3,HP ProBook 440 G8 Notebook PC IDS Base Model
2026-04-09 22:16:59,8CN51103XH,HP ProOne 440 23.8 inch G9 All-in-One Desktop PC IDS Base Model
2026-04-09 22:17:01,8CN5270KHG,HP ProOne 440 23.8 inch G9 All-in-One Desktop PC IDS Base Model
2026-04-09 22:17:03,8CN5270KNK,HP ProOne 440 23.8 inch G9 All-in-One Desktop PC IDS Base Model
2026-04-09 22:17:06,8CN52408W2,HP ProOne 440 23.8 inch G9 All-in-One Desktop PC IDS Base Model
2026-04-09 22:17:08,5CD4048TNL,HP ProBook 440 14 inch G9 Notebook PC (678R1AV)
2026-04-09 22:17:10,8CN43101CN,HP ProOne 440 23.8 inch G9 All-in-One Desktop PC IDS Base Model
2026-04-09 22:17:12,5CD4319HWC,HP ProBook 445 14 inch G11 Notebook PC IDS Base Model
2026-04-09 22:17:14,5CD54244G1,HP ProBook 4 G1a 14 inch Notebook AI PC IDS Base Model
2026-04-09 22:17:16,5CD5200GPH,HP ProBook 445 14 inch G11 Notebook PC IDS Base Model
2026-04-09 22:17:18,5CD312QSOW,Unknown/Not Found
2026-04-09 22:17:20,5CD4319HXT,HP ProBook 445 14 inch G11 Notebook PC IDS Base Model
2026-04-09 22:17:22,5CD4048TND,HP ProBook 440 14 inch G9 Notebook PC (678R1AV)
2026-04-09 22:17:24,5CD312QRZT,HP ProBook 440 14 inch G9 Notebook PC (678R1AV)
2026-04-09 22:17:26,5CD32052NN,HP ProBook 440 14 inch G9 Notebook PC (678R1AV)
2026-04-09 22:17:28,5CD4319J8P,HP ProBook 445 14 inch G11 Notebook PC IDS Base Model
2026-04-09 22:17:30,5CD4319HYF,HP ProBook 445 14 inch G11 Notebook PC IDS Base Model
2026-04-09 22:17:33,1CZ101029D,HP ProDesk 400 G6 Small Form Factor PC IDS Base Model
2026-04-09 22:17:35,5CD24130XX,HP ProBook 440 G8 Notebook PC IDS Base Model
2026-04-09 22:17:37,5CD443BT45,HP ProBook 445 14 inch G11 Notebook PC IDS Base Model
2026-04-09 22:17:39,8CN52409FB,HP ProOne 440 23.8 inch G9 All-in-One Desktop PC IDS Base Model
2026-04-09 22:17:41,5CD144CDVV,HP ProBook 440 G8 Notebook PC IDS Base Model
2026-04-09 22:17:43,5CD135BDBM,HP ProBook 440 G8 Notebook PC IDS Base Model
2026-04-09 22:17:45,5CD5270MCK,HP ProBook 4 G1a 14 inch Notebook AI PC IDS Base Model
2026-04-09 22:17:47,5CD535F27G,HP ProBook 4 G1a 14 inch Notebook AI PC IDS Base Model
2026-04-09 22:17:49,5CD54244L7,HP ProBook 4 G1a 14 inch Notebook AI PC IDS Base Model
2026-04-09 22:17:51,5CD32052Q8,HP ProBook 440 14 inch G9 Notebook PC (678R1AV)
2026-04-09 22:17:53,5CD145BT77,HP ProBook 440 G8 Notebook PC IDS Base Model
2026-04-09 22:17:55,5CD54244DB,HP ProBook 4 G1a 14 inch Notebook AI PC IDS Base Model
2026-04-09 22:17:57,SGH746SHHC,HP ProDesk 400 G4 Base Model Small Form Factor PC
2026-04-09 22:17:59,5CD4048TM3,HP ProBook 440 14 inch G9 Notebook PC (678R1AV)
2026-04-09 22:18:01,5CD135BDK6,HP ProBook 440 G8 Notebook PC IDS Base Model
2026-04-09 22:18:03,5CD5424459,HP ProBook 4 G1a 14 inch Notebook AI PC IDS Base Model
2026-04-09 22:18:05,5CD146JVMZ,HP ProBook 440 G8 Notebook PC IDS Base Model
2026-04-09 22:18:07,8CN5270KPB,HP ProOne 440 23.8 inch G9 All-in-One Desktop PC IDS Base Model
2026-04-09 22:18:09,5CD4150RRB,HP ProBook 440 14 inch G9 Notebook PC (678R1AV)
2026-04-09 22:18:11,5CD54244HX,HP ProBook 4 G1a 14 inch Notebook AI PC IDS Base Model
2026-04-09 22:18:13,5CD54244BH,HP ProBook 4 G1a 14 inch Notebook AI PC IDS Base Model
2026-04-09 22:18:14,5CN5270KLS,Unknown/Not Found
2026-04-09 22:18:16,5CD54244Q1,HP ProBook 4 G1a 14 inch Notebook AI PC IDS Base Model
2026-04-09 22:18:18,5CD4319HS2,HP ProBook 445 14 inch G11 Notebook PC IDS Base Model
2026-04-09 22:18:20,8CN5250HRV,HP ProOne 440 23.8 inch G9 All-in-One Desktop PC IDS Base Model
2026-04-09 22:18:22,8CN5270KQT,HP ProOne 440 23.8 inch G9 All-in-One Desktop PC IDS Base Model
2026-04-09 22:18:24,5CD025KMLX,HP ProBook 440 G7 Notebook PC IDS Base Model
2026-04-09 22:18:26,8CN5270KJ0,HP ProOne 440 23.8 inch G9 All-in-One Desktop PC IDS Base Model
2026-04-09 22:18:28,8CN43101RZ,HP ProOne 440 23.8 inch G9 All-in-One Desktop PC IDS Base Model
2026-04-09 22:18:30,5CD135BDJB,HP ProBook 440 G8 Notebook PC IDS Base Model
2026-04-09 22:18:32,8CN5200M1N,HP ProOne 440 23.8 inch G9 All-in-One Desktop PC IDS Base Model
2026-04-09 22:18:34,8CN5200M19,HP ProOne 440 23.8 inch G9 All-in-One Desktop PC IDS Base Model
2026-04-09 22:18:36,5CD4319JGJ,HP ProBook 445 14 inch G11 Notebook PC IDS Base Model
2026-04-09 22:18:38,5CD5270MGM,HP ProBook 4 G1a 14 inch Notebook AI PC IDS Base Model
2026-04-09 22:18:40,1CZ91101B8,HP ProDesk 400 G5 Base Model Small Form Factor PC
2026-04-09 22:18:42,8CN43101T1,HP ProOne 440 23.8 inch G9 All-in-One Desktop PC IDS Base Model
2026-04-09 22:18:43,5CD4319JBL,HP ProBook 445 14 inch G11 Notebook PC IDS Base Model
2026-04-09 22:18:45,5CD146JVLR,HP ProBook 440 G8 Notebook PC IDS Base Model
2026-04-09 22:18:48,8CN52408VZ,HP ProOne 440 23.8 inch G9 All-in-One Desktop PC IDS Base Model
2026-04-09 22:18:50,8CN43101T3,HP ProOne 440 23.8 inch G9 All-in-One Desktop PC IDS Base Model
2026-04-09 22:18:51,5CD443BT2G,HP ProBook 445 14 inch G11 Notebook PC IDS Base Model
2026-04-09 22:18:54,8CN43101SV,HP ProOne 440 23.8 inch G9 All-in-One Desktop PC IDS Base Model
2026-04-09 22:18:55,5CD4319JDG,HP ProBook 445 14 inch G11 Notebook PC IDS Base Model
2026-04-09 22:18:57,5CD2413124,HP ProBook 440 G8 Notebook PC IDS Base Model
2026-04-09 22:18:59,5CD5354Q10,HP ProBook 4 G1a 14 inch Notebook AI PC IDS Base Model
2026-04-09 22:19:01,5CD4048TN6,HP ProBook 440 14 inch G9 Notebook PC (678R1AV)
2026-04-09 22:22:46,Lebanon,Unknown/Not Found
